{
  "about_us": {
    "brand_overview": {
      "hero": {
        "title": "",
        "text": ""
      },

      "statistics": [
        {
          "icon": "",
          "num": "",
          "title": ""
        }
      ],

      "story": [
        {
          "title": "",
          "year": "",
          "text": ""
        }
      ],

      "our_brand": [],
      "our_clients": [],

      "content": [
        {
          "title": "",
          "image": "",
          "text": ""
        }
      ]
    },

    "mission_vision": [
      {
        "image": "",
        "title": "",
        "text": ""
      }
    ],

    "why_us": [
      {
        "image": "",
        "text": "",
        "list": ["text", "text"]
      }
    ],

    "distribution_channels": [
      {
        "logo": "",
        "title": ""
      }
    ]
  }
}
